url,FrecuenciaTotal,seccion
https://larepublica.pe/politica/2025/04/16/isaac-humala-sobre-ollanta-y-nadine-heredia-uno-esta-en-la-carcel-y-la-otra-ha-preferido-vivir-en-el-exilio-hnews-1581088,2699,politica
https://larepublica.pe/politica/2025/04/16/nadine-heredia-llega-a-brasil-difunden-primera-imagen-de-la-ex-primera-dama-en-sao-paulo-958208,2158,politica
https://larepublica.pe/politica/2025/04/17/dina-boluarte-recicla-a-censurado-exministro-juan-santivanez-y-lo-nombra-asesor-en-el-despacho-presidencial-hnews-295256,2840,politica
https://larepublica.pe/espectaculos/2025/04/17/alamo-perezluna-murio-a-los-61-anos-periodista-estuvo-internado-en-el-hospital-rebagliati-899283,2238,politica
https://larepublica.pe/sociedad/2025/04/17/captan-el-violento-enfrentamiento-a-balazos-entre-el-monstruo-y-pnp-en-brasil-deja-efectivo-policial-fallecido-y-varios-heridos-1372920,3002,politica
https://larepublica.pe/sociedad/2025/04/16/las-exitosas-carreras-de-los-6-nietos-de-mario-vargas-llosa-en-que-universidades-estudiaron-y-que-profesion-realizan-evat-660176,2979,politica
https://larepublica.pe/economia/2025/04/15/abren-los-bancos-de-lima-en-semana-santa-horarios-y-cuales-trabajan-por-feriado-del-jueves-y-viernes-santo-bcp-interbank-bbva-atmp-643890,1788,politica
https://larepublica.pe/sociedad/2025/04/15/hay-atencion-en-supermercados-por-semana-santa-hora-y-cuales-estan-abiertos-en-jueves-y-viernes-santo-atmp-771465,1552,politica
https://larepublica.pe/champions-league/2025/04/16/real-madrid-courtois-lanzo-dura-critica-tras-la-eliminacion-ante-el-arsenal-en-champions-league-tenemos-que-hacer-mas-jugadas-en-equipo-1579568,1857,politica
https://larepublica.pe/economia/2025/04/11/cts-licencias-sin-goce-de-haber-y-edad-laboral-en-el-sector-publico-conoce-los-nuevos-cambios-y-desde-cuando-aplican-atmp-218768,3527,politica
https://larepublica.pe/datos-estados-unidos/2025/04/14/muy-buenas-noticias-para-residentes-de-florida-ron-desantis-anuncia-fin-de-estos-carriles-de-alivio-de-congestion-en-el-estado-lrtmus-811874,3330,politica
https://larepublica.pe/economia/2025/04/14/habra-pago-del-reintegro-3-del-fonavi-este-17-y-18-de-abril-por-semana-santa-banco-de-la-nacion-aclara-si-fonavistas-podran-cobrar-atmp-286860,2772,politica
https://larepublica.pe/politica/2025/04/15/dina-boluarte-comision-de-fiscalizacion-del-congreso-aprueba-informe-que-recomienda-suspenderla-por-abandono-del-cargo-hnews-564375,2920,politica
https://larepublica.pe/politica/2025/04/15/en-vivo-ollanta-humala-y-nadine-heredia-poder-judicial-dicta-sentencia-contra-la-expareja-presidencial-por-caso-lavado-de-activos-hnews-842745,754,politica
https://larepublica.pe/politica/2025/04/14/congreso-testigo-protegido-sobre-andrea-vidal-y-sus-amigas-una-de-ellas-le-prestaba-servicios-al-expresidente-del-congreso-hnews-1174432,3133,politica
https://larepublica.pe/politica/2025/04/17/wasi-mikuna-gobierno-suspende-la-distribucion-de-alimentos-para-42-millones-de-escolares-qali-warma-midis-hnews-471886,2771,politica
https://larepublica.pe/politica/2025/04/17/cristo-cholo-envia-fuerte-mensaje-a-dina-boluarte-en-semana-santa-sirva-al-pueblo-no-se-sirva-del-pueblo-hnews-1412326,1791,politica
https://larepublica.pe/politica/2025/04/17/dina-boluarte-esta-mirando-a-futuro-algun-tipo-de-asilo-politico-asegura-exministro-tras-salvoconducto-a-favor-de-nadine-heredia-hnews-1173561,2391,politica
https://larepublica.pe/politica/2025/04/16/antauro-humala-sobre-la-prision-de-ollanta-en-barbadillo-es-imposible-que-lo-visite-no-visito-traidores-y-ladrones-hnews-250736,2455,politica
https://larepublica.pe/politica/2025/04/16/ollanta-humala-en-barbadillo-expresidente-ocupara-la-celda-donde-estuvo-el-exdictador-alberto-fujimori-segun-inpe-hnews-433696,2657,politica
https://larepublica.pe/politica/2025/04/16/gustavo-adrianzen-se-incomoda-con-periodista-que-le-pregunto-por-otarola-no-te-voy-a-responder-cambia-de-pregunta-hnews-619776,1394,politica
https://larepublica.pe/politica/2025/04/15/los-expresidentes-peruanos-que-han-sido-condenados-a-prision-en-los-ultimos-30-anos-ollanta-humala-se-une-a-la-lista-evat-1196715,3513,politica
https://larepublica.pe/politica/2025/04/17/julio-reategui-lazarte-investigado-por-homicidio-tras-muertes-en-protestas-fue-designado-como-viceministro-del-ministerio-del-interior-hnews-249050,2345,politica
https://larepublica.pe/politica/2025/04/17/cesar-acuna-asegura-que-es-normal-que-alcaldes-tomen-su-chela-tras-jugar-futbol-soy-provinciano-y-se-lo-que-pasa-hnews-815643,2119,politica
https://larepublica.pe/politica/2025/04/17/ilan-heredia-quien-es-el-hermano-de-nadine-heredia-condenado-tambien-por-lavado-de-activos-y-hoy-profugo-hnews-516375,2775,politica
https://larepublica.pe/politica/2025/04/17/canciller-schialer-se-pronuncia-sobre-asilo-a-nadine-heredia-el-gobierno-estaba-en-la-obligacion-de-aceptar-hnews-968082,1974,politica
https://larepublica.pe/politica/2025/04/17/susana-villaran-enfrentara-a-partir-de-mayo-juicio-oral-por-presuntas-coimas-en-rutas-de-lima-hnews-1295145,3072,politica
https://larepublica.pe/politica/2025/04/16/gustavo-adrianzen-sobre-ollanta-humala-forme-parte-de-su-gobierno-pero-estoy-sorprendido-por-esta-investigacion-hnews-1310160,2574,politica
https://larepublica.pe/politica/2025/04/17/news-dina-boluarte-vuelve-a-beneficiar-a-wilfredo-oscorima-transfiere-49-millones-de-soles-a-obra-que-ya-fue-financiada-hnews-384591,3065,politica
https://larepublica.pe/politica/2025/04/16/juez-vinculado-a-los-hermanitos-de-cesar-hinostroza-oswaldo-espinoza-presidira-el-jee-lima-centro-hnews-922560,5365,politica
https://larepublica.pe/politica/2025/04/16/el-poder-de-la-autoridad-nacional-de-control-perturba-al-poder-judicial-y-el-ministerio-publico-hnews-1571888,8032,politica
https://larepublica.pe/politica/2025/04/17/juan-jose-santivanez-en-el-despacho-de-dina-boluarte-estas-son-las-nuevas-funciones-que-asumira-el-censurado-exministro-hnews-1137045,2540,politica
https://larepublica.pe/politica/2025/04/16/nadine-heredia-llega-a-brasil-asilada-por-lula-da-silva-tras-ser-condenada-por-lavado-de-activos-hnews-201744,2121,politica
https://larepublica.pe/politica/2025/04/16/janet-tello-hace-referencia-al-asilo-politico-otorgado-a-nadine-heredia-no-hace-mas-que-perpetuar-un-mensaje-de-impunidad-hnews-250368,2336,politica
https://larepublica.pe/politica/2025/04/16/congreso-aprueba-interpelar-a-ministra-de-desarrrollo-e-inclusion-social-leslie-urteaga-por-intoxicacion-escolar-hnews-1388304,2276,politica
https://larepublica.pe/politica/2025/04/16/ollanta-humala-y-nadine-heredia-ex-primera-dama-viajo-a-brasil-horas-despues-de-ser-sentenciada-quince-anos-a-prision-hnews-881680,2519,politica
https://larepublica.pe/politica/2025/04/16/embajadora-de-eeuu-stephanie-syptakramnath-se-despide-de-peru-ante-nuevo-regimen-de-donald-trump-hnews-645328,1716,politica
https://larepublica.pe/politica/2025/04/16/rmp-compara-caso-ollanta-humala-y-nadine-heredia-con-caso-cocteles-de-keiko-fujimori-es-igualito-hnews-1212544,2537,politica
https://larepublica.pe/politica/2025/04/16/jaime-chincha-sobre-asilo-de-nadine-heredia-llama-la-atencion-la-rapidez-con-la-se-otorgo-el-salvoconducto-hnews-702944,2866,politica
https://larepublica.pe/politica/2025/04/16/congreso-busca-firmas-para-interpelar-a-canciller-schialer-tras-asilo-diplomatico-de-nadine-heredia-a-brasil-hnews-701632,2196,politica
https://larepublica.pe/politica/2025/04/16/al-mismo-estilo-de-nadine-heredia-las-ex-primeras-damas-que-se-encuentran-fuera-del-pais-mientras-sus-esposos-estan-en-prision-hnews-926832,4403,politica
https://larepublica.pe/politica/2025/04/16/nadine-heredia-en-brasil-peru-podria-extraditar-a-esposa-de-ollanta-humala-a-pesar-de-asilo-politico-hnews-843040,1967,politica
https://larepublica.pe/politica/2025/04/16/congreso-blinda-al-ministro-de-transportes-rechazan-interpelacion-a-raul-perez-reyes-con-48-votos-en-contra-hnews-449936,2285,politica
https://larepublica.pe/politica/2025/04/16/morgan-quero-congreso-rechaza-interpelar-al-ministro-de-educacion-por-declaraciones-sobre-menores-en-comunidades-indigenas-hnews-954784,2175,politica
https://larepublica.pe/politica/2025/04/16/congreso-blinda-al-ministro-de-salud-cesar-vasquez-y-rechaza-interpelarlo-por-caso-medifarma-hnews-692912,3692,politica
https://larepublica.pe/politica/2025/04/16/ollanta-humala-por-que-nadine-heredia-fue-condenada-a-15-anos-de-prision-y-como-logro-burlar-a-la-justicia-de-peru-evat-430944,3934,politica
https://larepublica.pe/politica/2025/04/16/ollanta-humala-ingreso-al-penal-de-barbadillo-y-nadine-obtuvo-asilo-politico-en-brasil-hnews-1209375,9420,politica
https://larepublica.pe/politica/2025/04/16/dina-boluarte-y-el-teleprompter-carlincatura-expone-los-vacios-y-las-influencias-en-el-discurso-presidencial-hnews-523136,664,politica
https://larepublica.pe/politica/2025/04/15/ollanta-humala-y-nadine-heredia-por-que-su-sentencia-marcaria-un-precedente-en-el-caso-de-keiko-fujimori-hnews-252300,3814,politica
https://larepublica.pe/politica/2025/04/16/mininter-desacata-a-la-contraloria-e-insiste-en-comprar-avion-brasileno-ministerio-del-interior-cgr-hnews-1498944,4288,politica
https://larepublica.pe/politica/2025/04/15/asilo-politico-en-peru-quienes-fueron-los-presidentes-que-recurrieron-a-embajadas-extranjeras-para-escapar-de-la-justicia-evat-1082550,3271,politica
https://larepublica.pe/politica/2025/04/14/salvador-del-solar-pj-admite-a-tramite-su-demanda-de-amparo-contra-juicio-politico-del-congreso-hnews-1008266,3490,politica
https://larepublica.pe/politica/2025/04/16/nadie-heredia-congreso-rechaza-que-el-canciller-elmer-schialer-asista-a-explicar-salvoconducto-a-exprimera-dama-hnews-626320,2401,politica
https://larepublica.pe/politica/2025/04/16/ollanta-humala-pedro-castillo-y-alejandro-toledo-la-trilogia-presidencial-que-termino-en-el-penal-barbadillo-por-lavado-de-activos-golpe-de-estado-y-corrupcion-hnews-295984,2047,politica
https://larepublica.pe/politica/2025/04/15/ollanta-humala-es-trasladado-al-penal-de-barbadillo-tras-ser-sentenciado-a-15-anos-de-prision-efectiva-hnews-1153590,1831,politica
https://larepublica.pe/politica/2025/04/16/encuestadora-le-lava-la-cara-a-cuestionado-alcalde-de-piura-tras-protagonizar-accidente-en-estado-de-ebriedad-hnews-468608,2431,politica
https://larepublica.pe/politica/2025/04/15/poder-judicial-condena-a-ollanta-humala-y-nadine-heredia-a-15-anos-de-prision-por-lavado-de-activos-hnews-608190,3102,politica
https://larepublica.pe/politica/2025/04/15/ollanta-humala-y-nadine-heredia-a-que-penal-seran-trasladados-tras-su-condena-por-lavado-de-activos-hnews-845160,2041,politica
https://larepublica.pe/politica/2025/04/15/rmp-critica-ley-anti-ong-que-promulgo-el-gobierno-de-dina-boluarte-es-absolutamente-inconstitucional-hnews-659430,1971,politica
https://larepublica.pe/economia/2025/04/17/yape-se-cayo-hoy-usuarios-reportan-fallas-en-el-aplicativo-del-bcp-en-semana-santa-caida-de-yape-atmp-1640194,2746,politica
https://larepublica.pe/sociedad/2025/04/16/cae-el-monstruo-en-brasil-conoce-al-criminal-mas-buscado-del-peru-que-se-burlaba-de-la-pnp-en-redes-sociales-289808,2260,politica
https://larepublica.pe/mundo/2025/04/16/donald-trump-advierte-a-paises-de-america-latina-deben-elegir-entre-china-y-estados-unidos-hnews-512880,2812,politica
https://larepublica.pe/economia/2025/04/17/pedro-francke-exministro-de-economia-y-finanzas-el-peru-podria-ser-un-espacio-de-disputa-entre-eeuu-y-china-debido-a-chancay-hnews-221072,10438,politica
https://larepublica.pe/opinion/2025/04/17/la-autopreservacion-de-la-alianza-gobernante-642991,1924,politica
https://larepublica.pe/entretenimiento/2025/04/17/muere-alamo-perezluna-hijo-del-periodista-le-dedica-conmovedor-mensaje-tras-su-muerte-1208649,2170,politica
https://larepublica.pe/entretenimiento/2025/04/16/futbolista-aldo-corzo-sorprende-al-presentar-a-famosa-actriz-como-su-novia-y-desata-revuelo-en-redes-sociales-1377792,2646,politica
https://larepublica.pe/historias-estados-unidos/2025/04/16/inmigrante-venezolana-en-estados-unidos-genera-polemica-al-revelar-que-solo-envia-us30-a-su-mama-no-tengo-maquina-para-reproducir-dinero-lrtmusv-1258336,2399,politica
https://larepublica.pe/entretenimiento/2025/04/17/alamo-perez-luna-fallecio-a-los-61-anos-que-programas-condujo-el-periodista-peruano-y-por-que-se-alejo-de-la-tv-evat-541552,2812,politica
https://larepublica.pe/historias-estados-unidos/2025/04/16/hombre-halla-cadaver-de-la-hija-de-su-prometida-en-una-banera-y-madre-seria-la-principal-sospechosa-esta-arrestada-en-california-lrtmus-1408224,1827,politica
https://larepublica.pe/espectaculos/2025/04/15/mario-vargas-llosa-murio-jaime-bayly-impacta-al-revelar-que-el-escritor-peruano-fallecio-debido-a-un-cancer-hematologico-187800,3344,politica
https://larepublica.pe/espectaculos/2025/04/17/paco-bazan-y-susana-alvarado-de-corazon-serrano-ya-no-esconden-su-amor-conoce-la-increible-diferencia-de-edad-entre-exfutbolista-y-la-cantante-864620,2111,politica
https://larepublica.pe/entretenimiento/2025/04/16/janet-barboza-lanza-despectiva-frase-contra-magaly-medina-y-deja-en-shock-a-ethel-pozo-no-tienes-autoridad-239616,2256,politica
https://larepublica.pe/tendencias/2025/04/15/chilena-queda-sorprendida-por-el-respeto-que-tienen-los-peruanos-a-su-gastronomia-la-comida-casera-en-peru-es-sagrada-evat-205005,2895,politica
https://larepublica.pe/sociedad/2025/04/13/conductores-en-peru-que-mantengan-un-historial-sin-infracciones-de-transito-por-dos-anos-obtienen-este-beneficio-en-2025-via-mtc-atmp-248040,3826,politica
https://larepublica.pe/estados-unidos/2025/04/15/malas-noticias-para-inmigrantes-en-eeuu-ice-arresta-a-mas-de-1000-trabajadores-indocumentados-y-lanza-advertencia-a-empresas-lrtmus-374040,1884,politica
https://larepublica.pe/datos-lr/chile/2025/04/17/restriccion-vehicular-2025-en-santiago-en-que-comunas-de-la-region-metropolitana-se-aplicara-y-a-que-automoviles-lrtmc-553622,2870,politica
https://larepublica.pe/sociedad/2025/04/17/semana-santa-se-registra-gran-congestion-vehicular-en-el-ingreso-a-chancay-por-viajes-familiares-hnews-1297576,1007,politica
https://larepublica.pe/sociedad/2025/04/16/varios-distritos-en-lima-no-tendran-agua-hasta-el-mediodia-durante-semana-santa-advierte-sedapal-175936,2033,politica
https://larepublica.pe/sociedad/2025/04/16/el-nuevo-penal-de-maxima-seguridad-del-peru-contara-ia-y-estaria-listo-para-inicios-de-mayo-769808,2997,politica
https://larepublica.pe/mexico/2025/04/17/ley-seca-en-mexico-por-semana-santa-2025-conoce-la-fuerte-multa-que-deberas-pagar-si-vendes-cerveza-en-cdmx-lrtmus-862444,2783,politica
https://larepublica.pe/agencias/2025/04/17/trump-esta-100-seguro-de-alcanzar-acuerdo-sobre-aranceles-con-la-ue-211610,3318,politica
https://larepublica.pe/espectaculos/2025/04/14/la-historia-del-matrimonio-entre-mario-vargas-llosa-y-su-tia-julia-cuanto-tiempo-estuvieron-casados-y-que-le-dio-de-compensacion-tras-su-divorcio-evat-1352232,3471,politica
https://larepublica.pe/espectaculos/2025/04/17/beto-ortiz-reconoce-su-rivalidad-con-alamo-perezluna-en-emotivo-mensaje-de-despedida-el-eterno-numero-uno-1517012,3640,politica
https://larepublica.pe/entretenimiento/2025/04/17/periodista-fernando-diaz-revela-conversacion-con-alamo-perez-luna-dias-antes-de-morir-he-vivido-intensamente-1502018,2692,politica
https://larepublica.pe/entretenimiento/2025/04/17/murio-alamo-perez-luna-cuando-y-donde-sera-el-velorio-del-exconductor-peruano-de-vidas-extremas-1093678,1431,politica
https://larepublica.pe/tendencias/2025/04/17/los-memes-mas-graciosos-de-la-semana-santa-2025-no-podras-parar-de-reir-345899,2381,politica
https://larepublica.pe/mundo/2025/04/17/tiroteo-activo-en-la-universidad-estatal-de-florida-deja-al-menos-4-heridos-lrtmus-1204127,2649,politica
https://larepublica.pe/estados-unidos/2025/04/17/madre-de-estudiante-de-la-universidad-de-florida-cuenta-como-su-hija-se-comunico-con-ella-durante-el-tiroteo-no-se-si-te-voy-a-ver-de-nuevo-lrtmus-1449828,2521,politica
https://larepublica.pe/estados-unidos/2025/04/16/general-motors-compania-de-estados-unidos-anuncio-despidos-masivos-y-el-cierre-temporal-de-esta-sede-lrtmus-600032,3447,politica
https://larepublica.pe/publirreportajes/2025/04/16/que-es-el-factoring-convierte-tus-facturas-por-cobrar-en-dinero-al-instante-571712,2429,politica
https://larepublica.pe/publirreportajes/2025/04/14/como-ganar-dinero-con-solo-100-soles-738780,3648,politica
https://larepublica.pe/publirreportajes/2025/04/11/factoring-online-como-obtener-dinero-en-48-horas-prestamype-895785,2559,politica
https://larepublica.pe/publirreportajes/2025/04/07/en-infocorp-accede-a-prestamos-rapidamente-con-prestamype-financiamiento-para-deudores-478254,2764,politica
https://larepublica.pe/economia/2025/04/17/sueldos-en-peru-aspiracion-salarial-sube-a-s3176-cuales-son-las-carreras-con-pretensiones-mas-altas-hnews-1095157,2294,politica
https://larepublica.pe/economia/2025/04/17/esta-es-la-pension-de-la-onp-para-trabajadores-afiliados-que-tienen-aportes-de-menos-de-20-anos-revisa-los-otros-beneficios-atmp-1025202,2621,politica
https://larepublica.pe/economia/2025/04/17/cut-denuncia-riesgo-en-telecomunicaciones-y-despidos-tras-venta-de-telefonica-del-peru-a-integra-tec-hnews-922964,1681,politica
https://larepublica.pe/sociedad/2025/04/17/atencion-conductores-estos-son-los-pasos-para-ver-si-tu-licencia-de-conducir-esta-inscrita-en-el-mtc-atmp-1009851,2825,politica
https://larepublica.pe/sociedad/2025/04/17/hurbert-chacara-castro-que-paso-con-el-hombre-que-asesino-a-un-estudiante-de-la-unmsm-dentro-del-campus-universitario-evat-762552,1761,politica
https://larepublica.pe/sociedad/2025/04/17/golpe-a-los-pulpos-caen-dos-extorsionadores-en-trujillo-1502375,815,politica
https://larepublica.pe/pronosticos/2024/11/27/resena-bet365-peru-2024-bono-hasta-500-soles-y-la-mejor-seguridad-en-apuestas-1951479,7810,politica
https://peru21.pe/economia/cuando-se-podra-retirar-la-cts/,1284,economia
https://peru21.pe/economia/aprueban-marco-para-las-zonas-economicas-especiales/,1227,economia
https://peru21.pe/economia/pleno-del-congreso-aprueba-por-mayoria-la-liberacion-del-100-de-la-cts/,793,economia
https://peru21.pe/economia/sunat-como-realizar-pago-de-cuotas-de-fraccionamiento-de-manera-virtual/,1804,economia
https://peru21.pe/economia/la-hipica-peruana-apuestas-crecen-casi-5-en-el-primer-trimestre-de-2025/,2729,economia
https://peru21.pe/economia/semana-santa-feriado-movilizara-18-millones-de-turistas/,1483,economia
https://peru21.pe/economia/aranceles-de-eeuu-sector-agrario-necesita-que-se-apruebe-nueva-ley/,1855,economia
https://peru21.pe/economia/huella-emprendedora-buenas-ideas-para-grandes-negocios/,8456,economia
https://peru21.pe/economia/nativas-emprendedoras-y-empoderadas-ocho-sur/,2996,economia
https://peru21.pe/economia/el-motor-del-peru-una-mirada-al-valor-del-emprendedor-peruano/,3059,economia
https://peru21.pe/economia/bbva-estamos-tiempo-para-solucionar-el-problema-de-inseguridad/,1231,economia
https://peru21.pe/celebridades/revelan-la-causa-del-fallecimiento-de-la-actriz-michelle-trachtenberg-los-39-anos/,1572,economia
https://peru21.pe/celebridades/william-levy-queda-libre-tras-pagar-fianza-por-incidente-en-florida/,1333,economia
https://peru21.pe/celebridades/paloma-cuevas-construye-la-casa-de-ensueno-para-luis-miguel/,1324,economia
https://peru21.pe/celebridades/conoce-las-peliculas-mas-vistas-por-los-peruanos-en-semana-santa/,2563,economia
https://peru21.pe/celebridades/johnny-depp-regresa-al-cine-con-day-drinker/,1109,economia
https://peru21.pe/celebridades/princesa-leonor-llega-lima-todos-los-detalles-de-su-itinerario-maritimo/,2884,economia
https://peru21.pe/celebridades/taylor-swift-demanda-kanye-west-por-hacer-comentarios-sexuales-en-x/,1438,economia
https://peru21.pe/celebridades/se-ven-las-primeras-imagenes-de-katy-perry-en-el-espacio-video/,1749,economia
https://peru21.pe/celebridades/gigantes-de-la-moda-se-unen-prada-compra-versace-por-1250-millones-de-euros/,1724,economia
https://peru21.pe/celebridades/exreguetonero-hector-el-father-lanza-su-canal-te-television-cristiano/,2128,economia
https://peru21.pe/celebridades/maluma-deslumbrado-con-shakira-asi-fue-el-encuentro-en-medellin-video/,915,economia
https://peru21.pe/celebridades/muere-modelo-australiana-de-27-anos-la-industria-de-la-moda-esta-de-luto/,1478,economia
https://peru21.pe/celebridades/eric-dane-actor-de-greys-anatomy-y-euphoria-padece-esclerosis-lateral-amiotrofica-ela/,1421,economia
https://peru21.pe/peru/esposa-de-paul-flores-ofrece-conmovedor-tributo-un-mes-de-su-partida/,1364,economia
https://peru21.pe/peru/todo-que-debes-saber-para-salir-o-ingresar-del-pais-con-tus-perros-y-gatos/,3289,economia
https://peru21.pe/peru/retiran-tres-jueces-que-celebraron-cumpleanos-en-sala-de-audiencias/,1820,economia
https://peru21.pe/peru/padres-en-iquitos-claman-por-nueva-infraestructura-escolar-ante-aulas-inundadas/,3011,economia
https://peru21.pe/peru/muere-el-alcalde-de-la-provincia-del-santa-luis-gamarra-alor-los-74-anos/,1611,economia
https://peru21.pe/peru/incendio-en-lurin-minsa-informa-que-16-personas-fueron-hospitalizadas/,1560,economia
https://peru21.pe/peru/aprueban-declarar-el-13-de-junio-como-el-dia-nacional-del-pan-peruano/,1378,economia
https://peru21.pe/peru/chiclayo-detienen-profesor-por-acosar-sexualmente-alumna-de-14-anos/,1143,economia
https://peru21.pe/peru/tacna-exigen-traslado-de-reos-y-cierre-del-penal-de-challapalca/,1582,economia
https://peru21.pe/peru/ica-accion-popular-inunda-la-region-con-propaganda-anticipada/,2258,economia
https://peru21.pe/peru/peru-travel-mart-2025-el-evento-de-canatur-que-promueve-el-turismo-nacional/,2084,economia
https://peru21.pe/peru/joven-piurano-recuperacion-14-meses-convulsiones-traumatismo-craneano/,2513,economia
https://peru21.pe/peru/una-semana-santa-distinta-conoce-4-destinos-poco-explorados-para-reconectar-con-el-peru/,2714,economia
https://peru21.pe/peru/lambayeque-condenan-3-exalcaldes-cajamarquinos-por-contaminar-quebrada-piquijaca/,1772,economia
https://peru21.pe/peru/arequipa-restringen-acceso-la-plaza-de-armas-por-semana-santa-para-evitar-desmanes/,1603,economia
https://peru21.pe/opinion/la-fuga-de-nadine-richard-arce/,1960,economia
https://peru21.pe/opinion/escandalo-esa-sesgada-primera-sala-constitucional-es-un-fortin-caviar-aldo-mariategui/,1604,economia
https://peru21.pe/opinion/la-sociedad-filarmonica-de-lima-y-su-nueva-temporada/,2121,economia
https://peru21.pe/opinion/mario-vargas-llosa-el-ultimo-renacentista/,2485,economia
https://peru21.pe/opinion/mario-vargas-llosa-la-humildad-de-un-grande-ana-jara/,2083,economia
https://peru21.pe/opinion/formalizacion-laboral-y-desarrollo-marcelo-cornejo/,2105,economia
https://peru21.pe/opinion/gas-para-crecer-por-david-tuesta/,2510,economia
https://peru21.pe/opinion/la-dictadura-de-la-burocracia-por-juan-manuel-benites/,2407,economia
https://peru21.pe/opinion/teatro-la-persona-deprimida-en-la-plaza/,1978,economia
https://peru21.pe/opinion/universitario-el-verdadero-motivo-de-fabian-bustos-para-irse/,1938,economia
https://peru21.pe/opinion/sentencia-historica-gracias-los-fiscales-de-lava-jato-por-richard-arce/,2142,economia
https://peru21.pe/politica/juan-jose-santivanez-vuelve-al-gobierno-de-dina-boluarte/,3097,economia
https://peru21.pe/politica/nadine-heredia-viaja-sao-paulo-donde-permanecera-asilada/,1366,economia
https://peru21.pe/politica/nadine-heredia-fiscal-juarez-el-gobierno-debio-protestar-por-el-asilo/,4474,economia
https://peru21.pe/politica/estas-son-las-cortitas-del-jueves-17-de-abril-de-2025-vladimir-cerron/,1679,economia
https://peru21.pe/investigacion/caso-andrea-vidal-isabel-cajo-reaparece-en-su-cuenta-de-tiktok/,3242,economia
https://peru21.pe/deportes/ya-tenemos-los-ganadores-del-sorteo-universitario-el-mas-campeon/,1313,economia
https://peru21.pe/deportes/real-madrid-y-arsenal-hacen-minuto-de-silencio-por-mario-vargas-llosa-video/,1110,economia
https://peru21.pe/deportes/voleibolista-peruana-de-seul-88-china-garcia-entraria-al-salon-de-la-fama/,1235,economia
https://peru21.pe/policiales/erick-moreno-el-monstruo-habria-fugado-brasil-y-tendria-nexos-con-banda-criminal-transnacional/,1661,economia
https://peru21.pe/espectaculos/periodista-alamo-perez-luna-murio-esta-manana/,2120,economia
https://peru21.pe/espectaculos/xiomy-kanashiro-aclara-deposito-de-efferson-farfan-yo-lo-devolvi/,2610,economia
https://peru21.pe/espectaculos/aldo-corzo-y-alessa-wichtel-hacen-publico-su-romance-futbolista-actriz-espectaculos/,834,economia
https://peru21.pe/deportes/fallece-el-futbolista-aaron-boupendza-tras-caer-desde-el-piso-11-de-su-edificio/,3001,economia
https://peru21.pe/mundo/el-papa-francisco-visita-una-prision-de-roma-por-el-jueves-santo/,1704,economia
https://peru21.pe/gastronomia/semana-santa-la-dulce-tradicion-de-los-huevos-de-pascua/,2927,economia
https://peru21.pe/cultura/rafael-fernandez-da-verguenza-que-haya-mas-de-40-partidos-inscritos/,5021,economia
https://peru21.pe/peru21tv/fiscal-german-juarez-el-gobierno-debio-protestar-por-el-asilo-de-nadine-heredia/,506,economia
https://peru21.pe/politica/canciller-afirma-que-peru-actuo-conforme-compromisos-internacionales-en-caso-nadine/,2773,economia
https://peru21.pe/politica/rutas-de-lima-se-acerca-juicio-oral-contra-susana-villaran-susana-villaran/,1145,economia
https://peru21.pe/policiales/terror-en-jueves-santo-hombre-se-quito-la-vida-tras-dispararle-su-pareja-video/,996,economia
https://peru21.pe/vida/ayuno-en-semana-santa-nutricionista-advierte-riesgos-y-peligros-para-la-salud/,1746,economia
https://peru21.pe/politica/nadine-heredia-piden-explicaciones-al-canciller-de-brasil-por-asilo/,1063,economia
https://peru21.pe/mundo/tragedia-en-italia-desplome-de-teleferico-deja-multiples-victimas/,1730,economia
https://peru21.pe/deportes/inter-de-milan-empato-ante-el-bayern-munich-y-se-mete-semis-de-champions-league/,2934,economia
https://peru21.pe/deportes/sin-milagro-arsenal-vencio-al-real-madrid-en-el-bernabeu-y-lo-saco-de-la-champions/,1770,economia
https://peru21.pe/cultura/la-conmovedora-carta-de-despedida-de-la-nieta-de-vargas-llosa-querido-abuelo-video/,2463,economia
https://peru21.pe/mundo/donald-trump-recibe-nayib-bukele-en-la-casa-blanca-el-salvador-eeuu/,1370,economia
https://peru21.pe/vida-animal/buscan-balto-perrito-que-se-perdio-en-san-juan-de-lurigancho-mascota-perdida/,532,economia
https://peru21.pe/lima/prohiben-dos-en-moto-se-ha-impuesto-la-norma-ciudadanos-de-bien/,4239,economia
https://peru21.pe/policiales/ayacucho-hallan-sin-vida-joven-psicologa-asesinada-por-su-expareja/,2202,economia
https://peru21.pe/espectaculos/fiorella-chirichigno-anuncia-su-embarazo-con-emotivo-mensaje/,1374,economia
https://peru21.pe/cultura/semana-santa-maraton-de-peliculas-y-series-en-netflix-y-max/,1698,economia
https://peru21.pe/politica/presidenta-del-poder-judicial-destaca-aprobacion-del-sistema-nacional-especializado-en-flagrancia-delictiva/,2495,economia
https://peru21.pe/politica/un-dia-como-hoy-se-cumplen-seis-anos-del-fallecimiento-de-alan-garcia/,1391,economia
https://peru21.pe/gastronomia/limana-renueva-su-certificacion-como-uno-de-los-restaurantes-mas-sostenibles/,1514,economia
https://peru21.pe/espectaculos/pamela-lopez-asegura-que-desconoce-christian-cueva-es-otra-persona/,1037,economia
https://peru21.pe/cultura/datos-curiosos-de-las-cuatro-obras-de-mario-vargas-llosa-declaradas-patrimonio-cultural-de-la-nacion/,2543,economia
https://peru21.pe/policiales/hallan-muerta-joven-madre-que-salio-de-su-casa-cobrar-una-deuda/,1196,economia
https://peru21.pe/espectaculos/mauricio-diez-canseco-y-daylin-curbelo-se-convirtieron-en-padres-de-mellizos/,1299,economia
https://peru21.pe/vida-animal/biologos-descubren-nueva-especie-de-serpiente-andina-en-peru/,2286,economia
https://peru21.pe/gastronomia/vincenzo-ristorante-tradicion-italiana-con-sello-de-autor-en-el-corazon-de-san-isidro/,1882,economia
https://peru21.pe/gastronomia/en-semana-santa-disfruta-del-dulce-sabor-de-los-recuerdos/,1497,economia
https://peru21.pe/vida-animal/el-boom-de-los-petfluencers-mascotas-conquistan-las-redes-sociales/,2036,economia
https://peru21.pe/vida-animal/como-puedo-convertir-mi-hogar-en-un-espacio-confortable-para-mi-gato-mascota/,2466,economia
https://peru21.pe/vida-animal/gatos-calico-el-enigma-genetico-detras-de-su-pelaje-tricolor/,1949,economia
https://peru21.pe/vida-animal/fotografian-una-gata-de-arena-con-sus-crias-en-el-desierto-de-kuwait-mundo/,2050,economia
https://peru21.pe/vida-animal/pareja-espanola-traficaba-con-tigres-blancos-linces-y-gatos-exoticos/,1510,economia
https://peru21.pe/vida-animal/ayudemos-la-gatita-mandarina-capuchina-encontrar-un-hogar/,706,economia
https://peru21.pe/vida-animal/nuevos-capibaras-en-parque-de-las-leyendas-en-huachipa/,1521,economia
https://peru21.pe/vida-animal/tu-mascota-te-acompana-hospital-implementa-servicio-para-pacientes-terminales/,2569,economia
https://elpais.com/internacional/2025-04-17/ultima-hora-de-la-guerra-de-aranceles-de-donald-trump-en-directo.html,2975,deportes
https://elpais.com/espana/2025-04-17/las-pruebas-de-la-investigacion-de-la-dana-apuntalan-la-ausencia-de-mazon-en-la-gestion-de-la-crisis.html,6971,deportes
https://elpais.com/espana/2025-04-17/mazon-un-minuto-antes.html,2966,deportes
https://elpais.com/espana/2025-04-17/albares-recibe-a-burita-en-madrid-tras-el-respaldo-de-ee-uu-y-francia-al-plan-marroqui-para-el-sahara.html?autoplay=1,5206,deportes
https://elpais.com/espana/2025-04-17/albares-recibe-a-burita-en-madrid-tras-el-respaldo-de-ee-uu-y-francia-al-plan-marroqui-para-el-sahara.html,5206,deportes
https://elpais.com/opinion/2025-04-17/si-no-es-urgente-no-es-importante.html,2443,deportes
https://elpais.com/opinion/2025-04-14/un-ministro-normal.html,2457,deportes
https://elpais.com/opinion/2025-04-13/xi-tiene-un-libro-para-pedro.html,3465,deportes
https://elpais.com/opinion/2025-04-13/ya-no-hay-espacio-para-el-politico-con-boina.html,3425,deportes
https://elpais.com/espana/2025-04-10/la-revolucion-garibaldi-de-pablo-iglesias-250-euros-a-cambio-de-una-cancion.html,3410,deportes
https://elpais.com/espana/2025-04-17/15-muertos-en-las-carreteras-en-la-primera-fase-de-la-operacion-de-trafico-de-semana-santa.html,2556,deportes
https://elpais.com/espana/2025-04-17/los-mayores-no-caminan-encorvados-y-otras-senales-que-la-dgt-quiere-actualizar.html,5274,deportes
https://elpais.com/espana/2025-04-17/detenido-en-murcia-un-presunto-yihadista-que-recopilaba-fotos-de-policias-y-buscaba-armas.html,3901,deportes
https://elpais.com/espana/2025-04-17/la-odisea-de-los-casi-7000-saharauis-sin-patria-en-espana.html,7118,deportes
https://elpais.com/espana/2025-04-17/un-joven-apunalado-tras-una-noche-de-peleas-multitudinarias-entre-estudiantes-de-viaje-de-fin-de-curso-en-mallorca.html,2142,deportes
https://elpais.com/espana/madrid/2025-04-17/suben-las-temperaturas-en-viernes-santo-pero-los-cielos-seguiran-cubiertos-y-con-lluvias-en-la-mayor-parte-de-la-peninsula.html,1962,deportes
https://elpais.com/espana/2025-04-16/tres-detenidos-por-vender-armas-de-guerra-que-probaban-en-una-galeria-de-tiro-subterranea.html,3993,deportes
https://elpais.com/espana/2025-04-15/la-audiencia-nacional-rechaza-extraditar-a-brasil-a-un-bolsonarista-reclamado-por-golpismo.html,4727,deportes
https://elpais.com/espana/madrid/2025-04-17/madrid-gasta-medio-millon-de-euros-en-remodelar-una-calle-con-solo-seis-chalets-de-lujo.html#?rel=lom,3825,deportes
https://elpais.com/espana/madrid/2025-04-16/la-onu-se-moviliza-por-el-caso-de-una-familia-sin-hogar-que-lleva-16-anos-de-okupa-en-villaverde.html#?rel=lom,4569,deportes
https://elpais.com/espana/2025-04-16/un-juez-ordena-la-devolucion-a-sus-padres-de-una-bebe-que-fue-retirada-por-el-dificil-pasado-de-la-madre.html#?rel=lom,6259,deportes
https://elpais.com/espana/2025-04-17/las-pruebas-de-la-investigacion-de-la-dana-apuntalan-la-ausencia-de-mazon-en-la-gestion-de-la-crisis.html#?rel=lom,6971,deportes
https://elpais.com/espana/madrid/2025-04-16/el-psoe-denuncia-que-en-madrid-se-estan-poniendo-andamios-de-publicidad-sin-que-haya-obras-es-un-negocio-redondo.html#?rel=lom,3876,deportes
https://elpais.com/espana/madrid/2025-04-16/la-promesa-de-la-ampliacion-en-la-linea-3-de-metro-de-alcorcon-o-fuenlabrada-a-la-puerta-del-sol-en-35-minutos.html#?rel=lom,3073,deportes
https://elpais.com/espana/2025-04-16/el-juez-peinado-multa-con-5000-euros-al-abogado-de-begona-gomez-por-hacer-declaraciones-a-la-prensa.html#?rel=lom,3324,deportes
https://elpais.com/espana/2025-04-17/albares-recibe-a-burita-en-madrid-tras-el-respaldo-de-ee-uu-y-francia-al-plan-marroqui-para-el-sahara.html#?rel=lom,5206,deportes
https://elpais.com/espana/2025-04-17/el-intento-de-cancelar-una-serie-sobre-represaliados-del-franquismo-en-la-television-balear-dispara-su-audiencia.html#?rel=lom,4843,deportes
https://elpais.com/espana/2025-04-17/los-mayores-no-caminan-encorvados-y-otras-senales-que-la-dgt-quiere-actualizar.html#?rel=lom,5274,deportes
https://elpais.com/videos/2023-06-14/como-ver-el-pais-en-television.html,3156,deportes
https://motor.elpais.com/actualidad/ultima-matricula-vista-en-espana-el-gran-cambio-que-todos-esperaban-ya-esta-aqui-y-en-esto-consiste/,1451,deportes
https://motor.elpais.com/actualidad/el-suzuki-jimny-se-viste-de-leyenda-nuevos-kits-de-carroceria-que-evocan-al-lancia-delta-integrale-y-al-renault-5-turbo/,1944,deportes
https://motor.elpais.com/conducir/ni-celiacos-ni-diabeticos-la-dgt-no-te-renovara-el-carnet-de-conducir-si-tienes-una-de-estas-enfermedades,3898,deportes
https://motor.elpais.com/actualidad/cuidado-con-el-timo-de-la-grua-en-semana-santa-como-los-delincuentes-eligen-a-sus-victimas-y-las-estafan-sin-piedad/,1666,deportes
https://motor.elpais.com/conducir/el-truco-de-tiktok-para-calcular-la-ruta-en-coche-cuanto-gastare-en-combustible/,851,deportes
https://motor.elpais.com/coches-electricos/como-de-radiactivo-es-un-coche-electrico-la-respuesta-de-este-estudio-aleman-no-dejara-indiferente-a-nadie/,2105,deportes
https://motor.elpais.com/conducir/el-truco-aleman-o-como-un-invento-completamente-legal-dejo-inoperativo-un-radar-movil/,2103,deportes
https://motor.elpais.com/conducir/siete-consejos-para-no-desesperar-en-la-operacion-salida-de-semana-santa/,1778,deportes
https://motor.elpais.com/coches-electricos/el-otro-coche-de-xiaomi-es-un-deportivo-con-mas-de-400-cv/,1539,deportes
https://motor.elpais.com/coches-electricos/el-subaru-trailseeker-es-el-proximo-suv-electrico-de-la-marca/,1442,deportes
https://motor.elpais.com/tecnologia/como-evitar-con-el-movil-una-averia-en-el-coche-lo-que-los-mecanicos-no-quieren-que-sepas/,4180,deportes
https://motor.elpais.com/actualidad/mercedes-maybach-de-que-marca-de-coches-es-este-logo-pocos-lo-distinguen-y-menos-aun-pocos-saben-su-historia/,1548,deportes
https://motor.elpais.com/motos/que-pasaria-si-metes-un-motor-de-ferrari-en-una-moto-se-acaba-de-hacer-y-esta-es-la-respuesta/,1574,deportes
https://motor.elpais.com/de-100-a-0-podcast/episodio-151-son-seguros-los-coches-chinos-la-inteligencia-artificial-responde/,871,deportes
https://motor.elpais.com/virales-motor/una-procesion-en-descapotable-el-momento-historico-que-se-vivio-en-la-catedral-de-sevilla/,1561,deportes
https://motor.elpais.com/virales-motor/mossos-multan-furgoneta-por-algo-hacen-casi-todos-conductores-carril-derecho-reacciones-son-oro/,1875,deportes
https://motor.elpais.com/videos2/una-itv-aleatoria-la-inspeccion-sale-a-la-carretera-para-revisar-los-vehiculos-por-sorpresa/,1153,deportes
https://motor.elpais.com/videos2/somos-un-pais-lleno-de-vida-la-dgt-usa-esta-frase-y-la-remata-con-una-rotundidad-que-hace-replantearselo-todo/,656,deportes
https://motor.elpais.com/conducir/consejo-mecanico-tiktok-viajes-largos-semana-santa-basico-cuidar-turbo/,1764,deportes
https://motor.elpais.com/conducir/adelfas-las-autovias-espanolas-tienen-miles-y-miles-de-kilometros-con-este-tipo-de-arbustos-y-son-peligrosos-entonces-por-que-los-plantan/,2602,deportes
https://motor.elpais.com/actualidad/coche-del-ano-en-el-mundo-2025-kia-ev3-ganador-vuelve-a-ser-un-suv-electrico-y-coreano/,926,deportes
https://motor.elpais.com/conducir/viajar-a-portugal-en-semana-santa-todo-lo-que-debes-saber-para-no-volverte-a-casa-con-un-problema/,3527,deportes
https://motor.elpais.com/actualidad/la-dgt-pide-con-urgencia-el-cambio-de-sus-helicopteros-por-la-antiguedad-de-las-aeronaves-y-la-falta-de-pilotos/,2791,deportes
https://motor.elpais.com/actualidad/un-periodista-alquila-un-tesla-cybertruck-para-recorrer-la-capital-de-eeuu-y-esto-es-lo-que-pasa-en-pocas-horas/,1892,deportes
https://motor.elpais.com/conducir/la-dgt-senala-el-comportamiento-de-este-ciclista-y-este-coche-que-han-hecho/,1807,deportes
https://motor.elpais.com/actualidad/la-moda-de-proteger-los-coches-rodeandolos-con-palos-y-mallas-el-motivo-es-totalmente-practico-y-te-ahorras-bastante-dinero/,1868,deportes
https://motor.elpais.com/conducir/este-guardia-civil-recomienda-guardar-el-movil-en-la-guantera-pero-me-pueden-multar-si-toco-alguna-pantalla-mientras-conduzco/,2947,deportes
https://motor.elpais.com/conducir/ni-celiacos-ni-diabeticos-la-dgt-no-te-renovara-el-carnet-de-conducir-si-tienes-una-de-estas-enfermedades/,3898,deportes
https://www.huffingtonpost.es/sociedad/el-padre-nota-raro-servicio-limpieza-descubre-esta-mando-activan-todas-alarmas.html,1283,deportes
https://www.huffingtonpost.es/life/animales/los-lugares-casa-debes-revisar-inmediatamente-minima-sospecha-invasion-garrapatas.html,1360,deportes
https://www.huffingtonpost.es/entry/el-gobierno-aprueba-por-los-pelos-el-decreto-de-medidas-anticrisis-con-el-pp-en-contra_es_626a5c13e4b050c90f3c8347.html,4356,deportes
https://www.huffingtonpost.es/virales/estos-dos-minutos-gran-wyoming-respondiendo-ayuso-ancianos-son-oro-molido.html,1834,deportes
https://cadenaser.com/nacional/2024/09/14/tiene-dentro-un-gen-provocador-que-le-supera-la-actitud-de-vinicius-que-desvia-el-foco-pese-al-triunfo-del-real-madrid-cadena-ser/,2120,deportes
https://cadenaser.com/nacional/2024/09/14/raquel-pelaez-ir-a-un-cumpleanos-de-cayetanos-es-como-viajar-a-la-reconquista-cadena-ser/,1608,deportes
https://cadenaser.com/nacional/2024/09/15/lo-mejor-es-callarse-el-rotundo-mensaje-de-ramoncin-a-nacho-cano-tras-su-ultimo-discurso-contra-marlaska-cadena-ser/,3596,deportes
https://motor.elpais.com/coches-electricos/se-compra-un-coche-electrico-y-no-le-dejan-cargarlo-en-casa-la-odisea-de-este-conductor-contra-el-ayuntamiento-de-su-ciudad/,1500,deportes
https://motor.elpais.com/actualidad/pocos-saben-que-el-maletero-de-este-coche-esconde-granos-de-arroz-es-un-modelo-de-una-marca-espanola/,1491,deportes
https://motor.elpais.com/actualidad/ibiza-limitado-vehiculos-que-pueden-circular-por-sus-carreteras-con-multas-de-hasta-30-000-euros/,1822,deportes
https://motor.elpais.com/conducir/la-guardia-civil-recuerda-como-se-usan-los-carriles-de-las-rotondas-no-todos-los-conductores-lo-hacen-bien/,1818,deportes
https://motor.elpais.com/coches-electricos/atascos-en-las-estaciones-de-carga-de-tesla-se-repetiran-las-colas-de-la-semana-santa-de-2024/,4643,deportes
https://motor.elpais.com/conducir/si-no-revisas-estos-dos-tipos-de-liquidos-antes-de-un-viaje-se-puede-calentar-el-motor-en-exceso-mejor-evita-graves-averias/,2731,deportes
https://motor.elpais.com/actualidad/alerta-por-viento-y-precipitaciones-semana-santa-revisa-estado-carreteras-camaras-dgt/,2357,deportes
https://motor.elpais.com/actualidad/carreteras-peligrosas-en-espana-los-100-tramos-de-un-kilometro-con-mas-riesgo-de-accidente/,1454,deportes
https://motor.elpais.com/actualidad/ya-no-hace-falta-irse-a-maranello-para-ver-ferrari-exposicion-zaragoza/,1510,deportes
https://motor.elpais.com/actualidad/nuevo-audi-a6-la-tradicion-la-elegancia-y-el-lujo-son-innegociables/,7316,deportes
https://motor.elpais.com/conducir/cual-es-el-tramo-de-carretera-con-la-recta-mas-larga-de-la-comunidad-de-madrid/,1737,deportes
https://motor.elpais.com/actualidad/en-argentina-abundan-los-coches-circulando-sin-matricula-y-en-reemplazo-llevan-un-rustico-un-papel-pegado-en-el-parabrisas/,1897,deportes
https://elpais.com/suscripciones/profesional/2025-03-12/el-pais-profesional-un-nuevo-ecosistema-para-las-empresas.html,1917,deportes
https://elpais.com/suscripciones/profesional/2025-03-12/la-clave-para-combatir-la-desmotivacion-laboral-escuchar-escuchar-y-escuchar.html,6222,deportes
https://elpais.com/suscripciones/profesional/2025-03-28/el-centro-especializado-de-soria-que-te-acompana-durante-la-oposicion.html,762,deportes
https://elpais.com/suscripciones/profesional/2025-03-31/alquiler-de-oficinas-en-los-puntos-estrategicos-de-madrid.html,1319,deportes
https://elpais.com/economia/2024-12-24/la-justicia-pone-la-lupa-en-las-clausulas-de-rendimiento-se-puede-despedir-a-un-trabajador-por-no-vender-lo-que-le-exige-su-empresa.html,5135,deportes
https://elpais.com/suscripciones/profesional/guia-empresas/2025-04-16/cgb-informatica-nuevas-tecnologias-para-empresas-y-administraciones-publicas.html,550,deportes
https://elpais.com/suscripciones/profesional/guia-empresas/2025-04-14/mpc-agencia-de-marketing-y-publicidad.html,550,deportes
https://elpais.com/suscripciones/profesional/guia-empresas/2025-04-11/valero-tax-legal-asesoria-gestion-e-impulso.html,550,deportes
https://elpais.com/suscripciones/profesional/guia-empresas/2025-04-11/doominiocom-hosting-dominios-y-diseno-web.html,550,deportes
https://elpais.com/suscripciones/profesional/2025-04-07/el-camino-hacia-la-digitalizacion-empresarial.html,1164,deportes
https://elpais.com/suscripciones/profesional/2025-03-21/la-gestion-ambiental-y-el-sector-inmobiliario-se-unen-para-alcanzar-el-exito-en-proyectos-transaccionales.html,550,deportes
https://elpais.com/suscripciones/profesional/2025-03-31/la-base-nautica-que-esta-una-hora-de-madrid.html,1052,deportes
https://elpais.com/suscripciones/profesional/2025-04-01/como-impulsar-la-energia-del-futuro-de-manera-sostenible.html,1203,deportes
https://cincodias.elpais.com/fondos-y-planes/2025-02-20/ahorrar-sin-perder-de-vista-el-nivel-de-riesgo.html,2698,deportes
https://elpais.com/economia/negocios/2025-03-19/paracaidistas-del-talento-digital-se-acabo-ligarse-a-un-solo-proyecto.html,4747,deportes
https://cincodias.elpais.com/fortunas/2025-03-16/desde-el-albanil-al-turista-el-impacto-economico-de-los-rodajes-en-espana.html,8789,deportes
https://elpais.com/economia/2025-03-10/siete-de-cada-diez-empresas-espera-mejorar-su-facturacion-en-2025.html,3574,deportes
https://elpais.com/extra/publicidad/2025-01-25/inteligencia-artificial-para-crear-mensajes-hiperpersonalizados.html,3717,deportes
https://elpais.com/economia/negocios/2024-12-16/las-empresas-quieren-divertir-a-sus-empleados.html,5841,deportes
https://elpais.com/economia/negocios/2024-12-03/el-secretario-del-consejo-el-asesor-en-la-sombra.html,5178,deportes
https://cincodias.elpais.com/fortunas/2025-02-15/los-ceo-buscan-un-nuevo-tipo-de-mano-derecha-y-no-la-encuentran.html,6969,deportes
https://elpais.com/suscripciones/profesional/2025-03-12/la-retribucion-flexible-el-circulo-perfecto-gana-el-empleado-y-gana-la-empresa.html,8327,deportes
https://elpais.com/extra/grandes-empresas/2024-09-29/trabajos-automatizados-para-elevar-la-creatividad-y-la-productividad.html,4256,deportes
https://elpais.com/economia/formacion/2025-01-24/la-ia-la-personalizacion-y-la-interaccion-en-redes-sociales-lideran-las-tendencias-de-marketing-digital-en-2025.html,8849,deportes
